mse,mae,r2
2.043635368347168,0.9495384693145752,0.26926642656326294
